,moped_unique_id,annualized_volume_before,annualized_volume_after,annualized_volume_delta,inrix_id,name,line_geometry,substantial_completion_date,component_name
0,1,1749060.9366295265,0.0,-1749060.9366295265,30.2677_-97.7343,North Interstate 35 & East 8th Street,"MULTILINESTRING ((621721.87110745 3349029.909277279, 621721.7366051724 3349028.543675114, 621721.3382831928 3349027.23044477, 621720.6913556323 3349026.020298583, 621719.8208034567 3349024.959513213, 621718.7600375625 3349024.089028024, 621717.5498664817 3349023.44210596, 621716.2367709428 3349023.04376011, 621714.8710920978 3349022.909292637, 621713.5054984614 3349023.043723482, 621712.1922885895 3349023.442092875, 621710.9821453905 3349024.089004093, 621709.9213364242 3349024.959479029, 621709.0508332959 3349026.020278468, 621708.4039004674 3349027.230429451, 621708.0055871217 3349028.543658105, 621707.8710819012 3349029.909258052, 621708.0055858773 3349031.274859993, 621708.4039092611 3349032.588089812, 621709.0508377216 3349033.79823525, 621709.921390153 3349034.859019766, 621710.9820594204 3349035.729503051, 621712.19232566 3349036.376425502, 621713.5054196962 3349036.77477092, 621714.8710968111 3349036.909238281, 621716.2366887502 3349036.774807659, 621717.5498972168 3349036.376438792, 621718.7600395172 3349035.729528323, 621719.8208482263 3349034.859054242, 621720.6913517819 3349033.798255636, 621721.3382868873 3349032.587994513, 621721.7366004984 3349031.274877115, 621721.87110745 3349029.909277279), (621833.0059268889 3349106.739788687, 621832.8714399001 3349105.374184528, 621832.4731331593 3349104.061060294, 621831.826223853 3349102.85079603, 621830.9556873579 3349101.790111974, 621829.894938859 3349100.919504554, 621828.6847813242 3349100.272680454, 621827.3716024259 3349099.874319715, 621826.0059339801 3349099.739837991, 621824.6403466722 3349099.87436553, 621823.3271424711 3349100.272610621, 621822.1170004056 3349100.919509546, 621821.056188 3349101.790084665, 621820.1856794057 3349102.850875519, 621819.5388342666 3349104.06102138, 621819.1404147237 3349105.374134572, 621819.0059909476 3349106.739845617, 621819.1404796325 3349108.105449553, 621819.5387877795 3349109.418573258, 621820.1856979836 3349110.628836776, 621821.0562347344 3349111.689519976, 621822.1169828096 3349112.560126561, 621823.3271392987 3349113.206949978, 621824.6403166954 3349113.605310285, 621826.0059834099 3349113.739791899, 621827.3715690207 3349113.605264585, 621828.6847718176 3349113.207020017, 621829.8949129855 3349112.560121842, 621830.9557251353 3349111.689547579, 621831.8262341546 3349110.628757557, 621832.4730803369 3349109.41861238, 621832.8715013814 3349108.105499619, 621833.0059268889 3349106.739788687), (621756.1558980751 3349130.601026173, 621756.0213070284 3349129.235311321, 621755.6229922122 3349127.922190118, 621754.9761711243 3349126.712042489, 621754.1056307087 3349125.651253872, 621753.0448788378 3349124.780654004, 621751.8346236532 3349124.13383738, 621750.5214452738 3349123.735485852, 621749.1558755008 3349123.601014725, 621747.7901975586 3349123.735439839, 621746.4770943417 3349124.133805886, 621745.2668635588 3349124.78071203, 621744.2060598057 3349125.651294357, 621743.33556194 3349126.711980233, 621742.6887255344 3349127.922241179, 621742.2903160524 3349129.235356884, 621742.155807076 3349130.600956698, 621742.2903998216 3349131.966671325, 621742.6887160428 3349133.279792001, 621743.3355380283 3349134.489938883, 621744.2060787011 3349135.550726643, 621745.266830146 3349136.421325678, 621746.4770842871 3349137.06814162, 621747.7902611637 3349137.466492715, 621749.1558292055 3349137.60096373, 621750.5215054514 3349137.46653884, 621751.8346072622 3349137.068173319, 621753.0448371461 3349136.421267924, 621754.1056406432 3349135.550686453, 621754.976138935 3349134.490001411, 621755.622976384 3349133.279741148, 621756.0213873688 3349131.966625874, 621756.1558980751 3349130.601026173), (621799.9083492788 3349003.179166686, 621799.773856187 3349001.813563304, 621799.3754448659 3349000.500439646, 621798.7286214258 3348999.290178901, 621797.8580730394 3348998.229498004, 621796.7973115472 3348997.358894334, 621795.5871404213 3348996.712074428, 621794.2739478509 3348996.313718164, 621792.9083623809 3348996.179242099, 621791.5426666023 3348996.31377309, 621790.2295477565 3348996.71202354, 621789.0193004903 3348997.358925275, 621787.9585774726 3348998.229504795, 621787.0880657537 3348999.290187473, 621786.4411214381 3349000.500444955, 621786.0427990381 3349001.813560232, 621785.9082826544 3349003.179270326, 621786.0427774421 3349004.544873484, 621786.4411901683 3349005.857996617, 621787.0880145074 3349007.068256613, 621787.9585631494 3349008.128936654, 621789.0193242168 3349008.99953949, 621790.2294942983 3349009.646358713, 621791.5426853671 3349010.044714544, 621792.9082691059 3349010.179190499, 621794.2739631872 3349010.04465973, 621795.5870806279 3349009.646409808, 621796.7973269941 3349008.99950882, 621797.8580497572 3349008.128930155, 621798.7285619022 3349007.06824831, 621799.375507261 3349005.857991513, 621799.7738311636 3349004.544876667, 621799.9083492788 3349003.179166686))",2022-10-10 05:00:00+00:00,Intersection
1,1,1749060.9366295265,0.0,-1749060.9366295265,30.2666_-97.7339,North Interstate 35 & East 7th Street,"MULTILINESTRING ((621721.87110745 3349029.909277279, 621721.7366051724 3349028.543675114, 621721.3382831928 3349027.23044477, 621720.6913556323 3349026.020298583, 621719.8208034567 3349024.959513213, 621718.7600375625 3349024.089028024, 621717.5498664817 3349023.44210596, 621716.2367709428 3349023.04376011, 621714.8710920978 3349022.909292637, 621713.5054984614 3349023.043723482, 621712.1922885895 3349023.442092875, 621710.9821453905 3349024.089004093, 621709.9213364242 3349024.959479029, 621709.0508332959 3349026.020278468, 621708.4039004674 3349027.230429451, 621708.0055871217 3349028.543658105, 621707.8710819012 3349029.909258052, 621708.0055858773 3349031.274859993, 621708.4039092611 3349032.588089812, 621709.0508377216 3349033.79823525, 621709.921390153 3349034.859019766, 621710.9820594204 3349035.729503051, 621712.19232566 3349036.376425502, 621713.5054196962 3349036.77477092, 621714.8710968111 3349036.909238281, 621716.2366887502 3349036.774807659, 621717.5498972168 3349036.376438792, 621718.7600395172 3349035.729528323, 621719.8208482263 3349034.859054242, 621720.6913517819 3349033.798255636, 621721.3382868873 3349032.587994513, 621721.7366004984 3349031.274877115, 621721.87110745 3349029.909277279), (621833.0059268889 3349106.739788687, 621832.8714399001 3349105.374184528, 621832.4731331593 3349104.061060294, 621831.826223853 3349102.85079603, 621830.9556873579 3349101.790111974, 621829.894938859 3349100.919504554, 621828.6847813242 3349100.272680454, 621827.3716024259 3349099.874319715, 621826.0059339801 3349099.739837991, 621824.6403466722 3349099.87436553, 621823.3271424711 3349100.272610621, 621822.1170004056 3349100.919509546, 621821.056188 3349101.790084665, 621820.1856794057 3349102.850875519, 621819.5388342666 3349104.06102138, 621819.1404147237 3349105.374134572, 621819.0059909476 3349106.739845617, 621819.1404796325 3349108.105449553, 621819.5387877795 3349109.418573258, 621820.1856979836 3349110.628836776, 621821.0562347344 3349111.689519976, 621822.1169828096 3349112.560126561, 621823.3271392987 3349113.206949978, 621824.6403166954 3349113.605310285, 621826.0059834099 3349113.739791899, 621827.3715690207 3349113.605264585, 621828.6847718176 3349113.207020017, 621829.8949129855 3349112.560121842, 621830.9557251353 3349111.689547579, 621831.8262341546 3349110.628757557, 621832.4730803369 3349109.41861238, 621832.8715013814 3349108.105499619, 621833.0059268889 3349106.739788687), (621756.1558980751 3349130.601026173, 621756.0213070284 3349129.235311321, 621755.6229922122 3349127.922190118, 621754.9761711243 3349126.712042489, 621754.1056307087 3349125.651253872, 621753.0448788378 3349124.780654004, 621751.8346236532 3349124.13383738, 621750.5214452738 3349123.735485852, 621749.1558755008 3349123.601014725, 621747.7901975586 3349123.735439839, 621746.4770943417 3349124.133805886, 621745.2668635588 3349124.78071203, 621744.2060598057 3349125.651294357, 621743.33556194 3349126.711980233, 621742.6887255344 3349127.922241179, 621742.2903160524 3349129.235356884, 621742.155807076 3349130.600956698, 621742.2903998216 3349131.966671325, 621742.6887160428 3349133.279792001, 621743.3355380283 3349134.489938883, 621744.2060787011 3349135.550726643, 621745.266830146 3349136.421325678, 621746.4770842871 3349137.06814162, 621747.7902611637 3349137.466492715, 621749.1558292055 3349137.60096373, 621750.5215054514 3349137.46653884, 621751.8346072622 3349137.068173319, 621753.0448371461 3349136.421267924, 621754.1056406432 3349135.550686453, 621754.976138935 3349134.490001411, 621755.622976384 3349133.279741148, 621756.0213873688 3349131.966625874, 621756.1558980751 3349130.601026173), (621799.9083492788 3349003.179166686, 621799.773856187 3349001.813563304, 621799.3754448659 3349000.500439646, 621798.7286214258 3348999.290178901, 621797.8580730394 3348998.229498004, 621796.7973115472 3348997.358894334, 621795.5871404213 3348996.712074428, 621794.2739478509 3348996.313718164, 621792.9083623809 3348996.179242099, 621791.5426666023 3348996.31377309, 621790.2295477565 3348996.71202354, 621789.0193004903 3348997.358925275, 621787.9585774726 3348998.229504795, 621787.0880657537 3348999.290187473, 621786.4411214381 3349000.500444955, 621786.0427990381 3349001.813560232, 621785.9082826544 3349003.179270326, 621786.0427774421 3349004.544873484, 621786.4411901683 3349005.857996617, 621787.0880145074 3349007.068256613, 621787.9585631494 3349008.128936654, 621789.0193242168 3349008.99953949, 621790.2294942983 3349009.646358713, 621791.5426853671 3349010.044714544, 621792.9082691059 3349010.179190499, 621794.2739631872 3349010.04465973, 621795.5870806279 3349009.646409808, 621796.7973269941 3349008.99950882, 621797.8580497572 3349008.128930155, 621798.7285619022 3349007.06824831, 621799.375507261 3349005.857991513, 621799.7738311636 3349004.544876667, 621799.9083492788 3349003.179166686))",2022-10-10 05:00:00+00:00,Intersection
2,2,1325174.6153846155,1424946.380597015,99771.76521239942,30.2152_-97.7688,South Congress Avenue & Sheraton Avenue,"LINESTRING (618500.2688604104 3343271.741919017, 618500.1344267143 3343270.376277944, 618499.7360536457 3343269.063200745, 618499.0891768087 3343267.852952919, 618498.2186076418 3343266.792243759, 618497.157887256 3343265.921670081, 618495.9476597748 3343265.274811931, 618494.6345365068 3343264.87644689, 618493.268888178 3343264.741971997, 618491.9032182597 3343264.876499456, 618490.5901416868 3343265.274834768, 618489.3798799579 3343265.921671321, 618488.3191951613 3343266.792243893, 618487.4485915373 3343267.852963412, 618486.8017187876 3343269.063183911, 618486.4034351038 3343270.376289973, 618486.2689169458 3343271.741903846, 618486.403448588 3343273.107545739, 618486.8017256097 3343274.420732198, 618487.4486033457 3343275.630979276, 618488.3191727701 3343276.691687584, 618489.3798927318 3343277.562260429, 618490.5901191738 3343278.209117896, 618491.9032409457 3343278.607482506, 618493.2688875459 3343278.741957285, 618494.6345557724 3343278.60743005, 618495.9477271897 3343278.209096302, 618497.1578917719 3343277.562259451, 618498.2186725612 3343276.691688774, 618499.089180358 3343275.630969048, 618499.7360541455 3343274.420749231, 618500.1344367757 3343273.107533818, 618500.2688604104 3343271.741919017)",2021-12-01 06:00:00+00:00,Intersection
3,10,0.0,2128830.223140496,2128830.223140496,30.2977_-97.7089,Airport Boulevard & Aldrich Street,"LINESTRING (624148.9293424501 3352495.725839996, 624148.7948241258 3352494.360185747, 624148.3964558922 3352493.047063169, 624147.7496311616 3352491.836858454, 624146.8790211051 3352490.776072999, 624145.818306313 3352489.905546886, 624144.6080812081 3352489.258661582, 624143.2949036811 3352488.860331558, 624141.9292880906 3352488.725873046, 624140.5636932305 3352488.86031611, 624139.2504989542 3352489.25871417, 624138.0402813775 3352489.905570184, 624136.9795858311 3352490.776141437, 624136.1089983995 3352491.836860982, 624135.4621640476 3352493.047099956, 624135.0638506259 3352494.360253993, 624134.929347915 3352495.725842386, 624135.0637717674 3352497.091495316, 624135.4621414057 3352498.404617366, 624136.108967035 3352499.614821332, 624136.9795773472 3352500.67560593, 624138.0402917122 3352501.546131209, 624139.2505157699 3352502.193015828, 624140.5636917925 3352502.591345422, 624141.9293043895 3352502.725914651, 624143.2948988104 3352502.591360983, 624144.6080904208 3352502.193074278, 624145.8183083602 3352501.546108186, 624146.8790023909 3352500.675648618, 624147.7495915109 3352499.614819081, 624148.3964256499 3352498.404691618, 624148.7948367455 3352497.091539103, 624148.9293424501 3352495.725839996)",2018-05-07 05:00:00+00:00,Intersection
4,13,0.0,1820212.7685950412,1820212.7685950412,30.2760_-97.7360,Trinity Street & East 15th Street,"LINESTRING (621578.1795030611 3350039.713128105, 621578.0450023047 3350038.347526002, 621577.6467067804 3350037.034298441, 621576.9998295999 3350035.824157655, 621576.1292535892 3350034.76337902, 621575.0684842942 3350033.892791847, 621573.8583230245 3350033.245991175, 621572.5451539002 3350032.847656105, 621571.1795058966 3350032.713090434, 621569.8139427903 3350032.847644992, 621568.500761938 3350033.24602699, 621567.2905452175 3350033.892838111, 621566.2297443808 3350034.763434372, 621565.3592356952 3350035.824131738, 621564.7123714635 3350037.034401249, 621564.3140107214 3350038.347523292, 621564.1795289724 3350039.713125899, 621564.3140314268 3350041.078727778, 621564.7123283568 3350042.391954813, 621565.3592064377 3350043.602094853, 621566.2297827046 3350044.662872632, 621567.2905515722 3350045.53345897, 621568.5007117984 3350046.180258958, 621569.8138794219 3350046.578593598, 621571.1795256925 3350046.713159156, 621572.5451832914 3350046.578605892, 621573.8582653159 3350046.180334175, 621575.0684823686 3350045.533412977, 621576.1292817163 3350044.662928397, 621576.9997920608 3350043.602121038, 621577.646656102 3350042.391963038, 621578.0450195803 3350041.078730602, 621578.1795030611 3350039.713128105)",2014-07-07 05:00:00+00:00,Intersection
5,16,0.0,1769234.5577994427,1769234.5577994427,30.2641_-97.7470,South 1st Street & West Cesar Chavez Street,"LINESTRING (620536.5766093616 3348714.358024382, 620536.4421461077 3348712.992444455, 620536.0437663505 3348711.67926392, 620535.3968837791 3348710.469084549, 620534.5263876251 3348709.408289847, 620533.4655991113 3348708.537703483, 620532.2554239454 3348707.89091734, 620530.9422554133 3348707.49249497, 620529.5766262988 3348707.358067563, 620528.2110157567 3348707.49253634, 620526.8978192599 3348707.890936891, 620525.6876242633 3348708.53775513, 620524.6268854365 3348709.408342587, 620523.7562879979 3348710.469009215, 620523.1094726301 3348711.679226127, 620522.7111028843 3348712.992380175, 620522.5766483604 3348714.357988357, 620522.71111209 3348715.723678886, 620523.1094932514 3348717.036858895, 620523.7562805205 3348718.24703646, 620524.626873133 3348719.307831365, 620525.6876624445 3348720.17830607, 620526.8978353464 3348720.825202354, 620528.2110035992 3348721.223513468, 620529.5766297611 3348721.358051587, 620530.9422386048 3348721.223583034, 620532.2554336961 3348720.825183009, 620533.4656277954 3348720.178365517, 620534.5263663633 3348719.307778916, 620535.3968692456 3348718.247001234, 620536.0437818601 3348717.036786068, 620536.4420569038 3348715.723631389, 620536.5766093616 3348714.358024382)",2013-08-23 05:00:00+00:00,Intersection
6,18,0.0,1243830.7834261837,1243830.7834261837,30.2838_-97.7419,West 21st Street & Guadalupe Street,"LINESTRING (621003.9805711539 3350904.575499999, 621003.8461117619 3350903.209906404, 621003.4477854153 3350901.896699436, 621002.8009038403 3350900.686480776, 621001.9303476143 3350899.625746193, 621000.8696227447 3350898.755212474, 620999.6593377029 3350898.108359643, 620998.3462575229 3350897.709979558, 620996.9806180303 3350897.575481118, 620995.6149814324 3350897.709990867, 620994.3018317136 3350898.108326367, 620993.0916484817 3350898.75519654, 620992.0308809753 3350899.625733445, 620991.1603006469 3350900.686582435, 620990.5134524094 3350901.896771731, 620990.1150911553 3350903.209911914, 620989.98058994 3350904.575519454, 620990.1151472147 3350905.941113892, 620990.5134749676 3350907.254320335, 620991.1602612576 3350908.464537179, 620992.0308177413 3350909.525270907, 620993.0916383676 3350910.395804857, 620994.3018261844 3350911.042655937, 620995.6150010449 3350911.441036656, 620996.9806388053 3350911.575534984, 620998.3462737033 3350911.441025457, 620999.6594220182 3350911.042690485, 621000.8696043477 3350910.39582106, 621001.9303715975 3350909.525285011, 621002.8008549405 3350908.464546616, 621003.4477042238 3350907.254358005, 621003.8460682076 3350905.941107429, 621003.9805711539 3350904.575499999)",2013-10-29 05:00:00+00:00,Intersection
7,28,0.0,1949450.003481894,1949450.003481894,30.2940_-97.7079,Airport Boulevard & Zach Scott Street,"LINESTRING (624264.2121094147 3352084.841735963, 624264.0775974806 3352083.476080749, 624263.6792251465 3352082.162954742, 624263.0323859863 3352080.952744266, 624262.1618478908 3352079.89195203, 624261.1011000444 3352079.021416234, 624259.8909304809 3352078.374520903, 624258.5777063062 3352077.976178749, 624257.2121360186 3352077.841708657, 624255.8464880233 3352077.976138993, 624254.5333365529 3352078.374525846, 624253.3231636113 3352079.021371564, 624252.2623241612 3352079.891931673, 624251.3917908067 3352080.95264399, 624250.7449216213 3352082.162876695, 624250.3465819599 3352083.476026751, 624250.2121575281 3352084.841725526, 624250.3465762476 3352086.207268592, 624250.7449487251 3352087.520504899, 624251.3917887837 3352088.730714626, 624252.2623283934 3352089.791395177, 624253.3230758128 3352090.661930141, 624254.5333405037 3352091.30882588, 624255.8464670022 3352091.707166509, 624257.2121317285 3352091.841637585, 624258.5777780261 3352091.707207476, 624259.8909280909 3352091.308821147, 624261.1011001341 3352090.661976179, 624262.1618431564 3352089.791415835, 624263.0323769392 3352088.730704351, 624263.6792471705 3352087.520472332, 624264.0775883349 3352086.207322706, 624264.2121094147 3352084.841735963)",2019-06-11 05:00:00+00:00,Intersection
8,28,0.0,1949450.003481894,1949450.003481894,30.2940_-97.7079,Airport Boulevard,"LINESTRING (624264.2121094147 3352084.841735963, 624264.0775974806 3352083.476080749, 624263.6792251465 3352082.162954742, 624263.0323859863 3352080.952744266, 624262.1618478908 3352079.89195203, 624261.1011000444 3352079.021416234, 624259.8909304809 3352078.374520903, 624258.5777063062 3352077.976178749, 624257.2121360186 3352077.841708657, 624255.8464880233 3352077.976138993, 624254.5333365529 3352078.374525846, 624253.3231636113 3352079.021371564, 624252.2623241612 3352079.891931673, 624251.3917908067 3352080.95264399, 624250.7449216213 3352082.162876695, 624250.3465819599 3352083.476026751, 624250.2121575281 3352084.841725526, 624250.3465762476 3352086.207268592, 624250.7449487251 3352087.520504899, 624251.3917887837 3352088.730714626, 624252.2623283934 3352089.791395177, 624253.3230758128 3352090.661930141, 624254.5333405037 3352091.30882588, 624255.8464670022 3352091.707166509, 624257.2121317285 3352091.841637585, 624258.5777780261 3352091.707207476, 624259.8909280909 3352091.308821147, 624261.1011001341 3352090.661976179, 624262.1618431564 3352089.791415835, 624263.0323769392 3352088.730704351, 624263.6792471705 3352087.520472332, 624264.0775883349 3352086.207322706, 624264.2121094147 3352084.841735963)",2019-06-11 05:00:00+00:00,Intersection
9,32,1292226.5990990992,1539646.8749999998,247420.2759009006,30.3071_-97.7475,Shoal Creek Boulevard & West 38th Street,"LINESTRING (620434.044692115 3353476.409534127, 620433.9102110723 3353475.043944023, 620433.5118316743 3353473.730751338, 620432.8649601566 3353472.520558223, 620431.9943768483 3353471.459858361, 620430.9336787789 3353470.589257357, 620429.7234636336 3353469.942455139, 620428.4102964329 3353469.544017751, 620427.044687708 3353469.409576721, 620425.6789974984 3353469.544032483, 620424.3658869872 3353469.942424027, 620423.1557294755 3353470.589235286, 620422.0949597388 3353471.459817857, 620421.224436839 3353472.520594623, 620420.5775013402 3353473.730811765, 620420.1791901385 3353475.043971035, 620420.0446783344 3353476.409586004, 620420.1791610774 3353477.775175882, 620420.5775418832 3353479.088368042, 620421.2244143009 3353480.298560407, 620422.0949017064 3353481.359258353, 620423.1556955113 3353482.229859584, 620424.3659096125 3353482.876661117, 620425.6790753097 3353483.275098071, 620427.0446823009 3353483.409538989, 620428.410274649 3353483.275082389, 620429.7234799134 3353482.876692432, 620430.9336365238 3353482.229881919, 620431.9944060034 3353481.359300207, 620432.8649293291 3353480.298524276, 620433.511865872 3353479.088307821, 620433.9101785771 3353477.775148982, 620434.044692115 3353476.409534127)",2020-07-15 05:00:00+00:00,Intersection
10,37,0.0,1501804.265759312,1501804.265759312,30.3346_-97.7492,Allandale Road & Shoal Creek Boulevard,"LINESTRING (620246.9612014344 3356528.536285932, 620246.826755553 3356527.170691973, 620246.4283892611 3356525.857496703, 620245.7815045718 3356524.647302337, 620244.910971084 3356523.586603582, 620243.850184217 3356522.716003798, 620242.6400187399 3356522.069205889, 620241.3268331747 3356521.670884314, 620239.9612237219 3356521.536338825, 620238.5955320866 3356521.670801932, 620237.2824058995 3356522.069201348, 620236.0722043123 3356522.716020547, 620235.0114451726 3356523.586611714, 620234.1408811096 3356524.64728539, 620233.4940330941 3356525.857511117, 620233.0957398654 3356527.170677324, 620232.9611721769 3356528.536297276, 620233.0957146736 3356529.902002898, 620233.4940835973 3356531.215086814, 620234.1409691889 3356532.425280431, 620235.0115017111 3356533.486089155, 620236.0721932412 3356534.356576214, 620237.2824525852 3356535.003485325, 620238.59554051 3356535.401805407, 620239.9612443612 3356535.536351844, 620241.3268393835 3356535.401777074, 620242.639962939 3356535.00348901, 620243.8501648447 3356534.356559735, 620244.9109225058 3356533.486080253, 620245.7814882158 3356532.425296586, 620246.4283372776 3356531.215071545, 620246.8267281455 3356529.901906831, 620246.9612014344 3356528.536285932)",2020-02-06 06:00:00+00:00,Intersection
11,48,0.0,512281.31267409475,512281.31267409475,30.2544_-97.7168,East Cesar Chavez Street & Pedernales Street,"LINESTRING (623460.9461783518 3347668.006389713, 623460.8116735672 3347666.640759951, 623460.413305171 3347665.327572146, 623459.7663790402 3347664.117431423, 623458.8958723883 3347663.056618464, 623457.8350980724 3347662.186076863, 623456.6249586439 3347661.539298731, 623455.3117497221 3347661.140858974, 623453.9461016357 3347661.006403329, 623452.5804966388 3347661.140957748, 623451.267340885 3347661.539239147, 623450.0571313594 3347662.186078087, 623448.9964328955 3347663.056617625, 623448.125845189 3347664.117398785, 623447.4790269033 3347665.327568796, 623447.0806539549 3347666.640742337, 623446.9461146125 3347668.006439038, 623447.0806210935 3347669.372068575, 623447.4789921441 3347670.685145027, 623448.1258217094 3347671.895394743, 623448.9964248267 3347672.956207932, 623450.0571037543 3347673.826636787, 623451.2673371002 3347674.473526147, 623452.5805457726 3347674.871854651, 623453.9460946657 3347675.006419924, 623455.3117941783 3347674.871866817, 623456.6249485284 3347674.473585945, 623457.8351571553 3347673.826747752, 623458.8958566155 3347672.956098242, 623459.7664434996 3347671.895428742, 623460.4132640797 3347670.685148588, 623460.8116372788 3347669.372086304, 623460.9461783518 3347668.006389713)",2015-10-08 05:00:00+00:00,Intersection
12,59,0.0,1461038.4734513273,1461038.4734513273,30.2448_-97.7303,East Riverside Drive & South Lakeshore Boulevard,"LINESTRING (622162.9312185547 3346597.885664678, 622162.7966281511 3346596.520059734, 622162.3983486809 3346595.206930761, 622161.7515037403 3346593.996656951, 622160.8808812064 3346592.935956846, 622159.82019069 3346592.06544158, 622158.6099577957 3346591.418593805, 622157.296771666 3346591.020207524, 622155.9311755016 3346590.885699499, 622154.5655595809 3346591.02019901, 622153.25242923 3346591.418528516, 622152.0421892389 3346592.065400606, 622150.9814056662 3346592.9359528, 622150.110870252 3346593.996723503, 622149.4640460328 3346595.206964735, 622149.0657041412 3346596.520067846, 622148.9312267756 3346597.88566169, 622149.0657214168 3346599.251376161, 622149.4640022907 3346600.564504609, 622150.1108493677 3346601.774666844, 622150.9814709197 3346602.835476922, 622152.0421610088 3346603.705991354, 622153.2523928593 3346604.352838445, 622154.5655774898 3346604.751224296, 622155.9311719233 3346604.885732209, 622157.2967861493 3346604.751232923, 622158.6099150978 3346604.352903943, 622159.8201541898 3346603.706032599, 622160.8809375083 3346602.83548126, 622161.7514733463 3346601.774711391, 622162.3982986093 3346600.564470842, 622162.7966420001 3346599.25136816, 622162.9312185547 3346597.885664678)",2018-05-02 05:00:00+00:00,Intersection
13,71,1188057.9700557103,0.0,-1188057.9700557103,30.3953_-97.7204,Kramer Lane & Burnet Road,"LINESTRING (622932.2412352747 3363281.362083226, 622932.106772782 3363279.996535295, 622931.7084397844 3363278.683315508, 622931.061613464 3363277.473141889, 622930.1910404095 3363276.412404658, 622929.1302752171 3363275.541829783, 622927.9200647394 3363274.894908897, 622926.6069207505 3363274.496663904, 622925.2413120302 3363274.362074738, 622923.8756405207 3363274.496610695, 622922.5625257305 3363274.894991782, 622921.3522992516 3363275.541825454, 622920.2915548515 3363276.412366136, 622919.4210272997 3363277.473156308, 622918.7741362061 3363278.683340177, 622918.3758118436 3363279.996534737, 622918.2413272182 3363281.362146684, 622918.3757914167 3363282.72769439, 622918.7741258265 3363284.040913647, 622919.4209530521 3363285.251086516, 622920.291526362 3363286.311822886, 622921.3522911265 3363287.182396924, 622922.5625005526 3363287.829317123, 622923.8756430332 3363288.227561684, 622925.241250012 3363288.362150738, 622926.6069198155 3363288.227615005, 622927.9200331951 3363287.829234446, 622929.1302587723 3363287.182401526, 622930.1910029158 3363286.311861706, 622931.0615308966 3363285.25107237, 622931.7084230381 3363284.040889187, 622932.1067489092 3363282.727695061, 622932.2412352747 3363281.362083226)",2023-07-05 05:00:00+00:00,Intersection
14,73,1118528.01183844,0.0,-1118528.01183844,30.3796_-97.6877,Kramer Lane & North Lamar Boulevard,"LINESTRING (626094.9358939041 3361576.762640684, 626094.8014089254 3361575.397039959, 626094.4029913798 3361574.083914105, 626093.7562028014 3361572.873655641, 626092.8855861601 3361571.812881626, 626091.8248811662 3361570.942440948, 626090.6146438235 3361570.29550241, 626089.3014815459 3361569.897213313, 626087.9358661731 3361569.762678933, 626086.5702095617 3361569.897161907, 626085.2571403468 3361570.295508047, 626084.0469056203 3361570.942448779, 626082.9861178731 3361571.812919159, 626082.11562173 3361572.873695824, 626081.4687578928 3361574.083931107, 626081.0703803992 3361575.397026006, 626080.935871342 3361576.762724807, 626081.0703580226 3361578.128325306, 626081.4686808902 3361579.441449516, 626082.1155664593 3361580.65170834, 626082.986087262 3361581.712480383, 626084.0468879163 3361582.582921336, 626085.2571242099 3361583.229859188, 626086.5702849763 3361583.628147854, 626087.9358986096 3361583.762682124, 626089.3015535177 3361583.628199377, 626090.6146213218 3361583.229853767, 626091.824855148 3361582.582913786, 626092.885642642 3361581.712444266, 626093.7561392161 3361580.651668438, 626094.4030041038 3361579.441433842, 626094.8013831059 3361578.128339374, 626094.9358939041 3361576.762640684)",2023-11-03 05:00:00+00:00,Intersection
15,84,0.0,845544.1051532032,845544.1051532032,30.2936_-97.6778,East 51st Street & Springdale Road,"LINESTRING (627152.1102273135 3352059.814390153, 627151.975688232 3352058.448793659, 627151.5773672888 3352057.135658219, 627150.9304513226 3352055.92548326, 627150.0599861128 3352054.864670983, 627148.9991607124 3352053.994176263, 627147.7889485643 3352053.347285617, 627146.4758070239 3352052.948925347, 627145.1102489206 3352052.81442564, 627143.7445407816 3352052.948939543, 627142.4314538301 3352053.347317591, 627141.2211850642 3352053.994182792, 627140.1604826355 3352054.864696363, 627139.2899426115 3352055.925413, 627138.6430317354 3352057.135599631, 627138.2447229158 3352058.448771331, 627138.1102243173 3352059.814450015, 627138.2446689216 3352061.180045163, 627138.6430874448 3352062.493181194, 627139.2899068417 3352063.703465111, 627140.1604697698 3352064.764166824, 627141.221197274 3352065.634770418, 627142.4314096661 3352066.281549553, 627143.7445497012 3352066.679909392, 627145.1102022463 3352066.814410109, 627146.4758125102 3352066.679895312, 627147.7889929427 3352066.281629741, 627148.9991646375 3352065.63476417, 627150.0599642773 3352064.764141749, 627150.9305047329 3352063.703425945, 627151.5773204819 3352062.493238878, 627151.9757269823 3352061.180068729, 627152.1102273135 3352059.814390153)",2018-07-17 05:00:00+00:00,Intersection
16,87,0.0,357182.23885793873,357182.23885793873,30.3311_-97.7004,East Saint John's Avenue & Bennett Avenue,"MULTILINESTRING ((624928.1457981158 3356188.998614255, 624926.1691202438 3356185.424138015))",2018-09-13 05:00:00+00:00,Intersection
17,89,0.0,1120748.0048746518,1120748.0048746518,30.3609_-97.6934,West Rundberg Lane & Georgian Drive,"LINESTRING (625563.741547453 3359491.270206529, 625563.6070516028 3359489.904620482, 625563.2086737549 3359488.591413924, 625562.5617866279 3359487.381197731, 625561.6913263317 3359486.320480996, 625560.6305634101 3359485.449883369, 625559.4203467367 3359484.803017899, 625558.1072017743 3359484.404695606, 625556.7415121507 3359484.27023946, 625555.3758947265 3359484.40468974, 625554.0627942954 3359484.802997989, 625552.8525626562 3359485.449894033, 625551.7918183439 3359486.320421294, 625550.9212207923 3359487.381241258, 625550.2744041784 3359488.591397099, 625549.8760284106 3359489.904618922, 625549.7415767087 3359491.270208181, 625549.876074262 3359492.635794003, 625550.2743574091 3359493.948998923, 625550.9212454376 3359495.159214365, 625551.7918020952 3359496.219931348, 625552.8525645878 3359497.090528138, 625554.0627802118 3359497.737392923, 625555.3759236656 3359498.135714784, 625556.7415154425 3359498.270169711, 625558.1071311623 3359498.135719657, 625559.420326293 3359497.737413046, 625560.6305570345 3359497.090517754, 625561.6913010901 3359496.219991352, 625562.5618029623 3359495.159171115, 625563.2087167364 3359493.949017067, 625563.6069979044 3359492.63579457, 625563.741547453 3359491.270206529)",2018-09-13 05:00:00+00:00,Intersection
18,181,1624022.5104456826,0.0,-1624022.5104456826,30.2584_-97.7501,Barton Springs Road & South 1st Street,"LINESTRING (620245.3990597039 3348078.395278814, 620245.264548103 3348077.029705081, 620244.8662027331 3348075.716539232, 620244.2193446789 3348074.506270624, 620243.3487673264 3348073.44550257, 620242.2880836364 3348072.575060887, 620241.0778214748 3348071.928199529, 620239.7646624668 3348071.529816334, 620238.3990489729 3348071.395318315, 620237.0334608442 3348071.529826839, 620235.7202988301 3348071.928154361, 620234.5100541586 3348072.575005971, 620233.4492820591 3348073.445511329, 620232.5787616108 3348074.506312816, 620231.9319454501 3348075.71654607, 620231.5335921324 3348077.029709201, 620231.3990744266 3348078.395317792, 620231.5335877244 3348079.7608913, 620231.9319345008 3348081.074056624, 620232.5787934546 3348082.284324485, 620233.4492748552 3348083.345090628, 620234.5100531105 3348084.21564336, 620235.7203142302 3348084.862504032, 620237.033472956 3348085.260775971, 620238.3990847183 3348085.395273879, 620239.7646711488 3348085.260765577, 620241.077831759 3348084.862438581, 620242.2880755322 3348084.215587718, 620243.3488473748 3348083.345083215, 620244.219368247 3348082.28428256, 620244.8661854508 3348081.074049992, 620245.2645402689 3348079.760887293, 620245.3990597039 3348078.395278814)",2023-06-06 05:00:00+00:00,Intersection
19,215,0.0,1767769.2200557103,1767769.2200557103,30.2715_-97.7540,North Lamar Boulevard & West 6th Street,"LINESTRING (619863.1352830587 3349532.096435538, 619863.0008491259 3349530.730754987, 619862.60242473 3349529.417599168, 619861.9556188774 3349528.20746018, 619861.0850329563 3349527.146716854, 619860.0242777534 3349526.276083189, 619858.8140641382 3349525.629257334, 619857.5009743875 3349525.23091301, 619856.1353483144 3349525.096454644, 619854.769660074 3349525.23089117, 619853.4564931871 3349525.629257195, 619852.2463328899 3349526.276145422, 619851.1855350755 3349527.146681949, 619850.3150660243 3349528.207399166, 619849.6681779219 3349529.417651187, 619849.2698183174 3349530.730826607, 619849.1352603169 3349532.096439446, 619849.2697933586 3349533.462010004, 619849.6681229649 3349534.775164243, 619850.3150246984 3349535.985414363, 619851.1855146809 3349537.046155779, 619852.2462706742 3349537.916677784, 619853.4564820318 3349538.56361378, 619854.7696664772 3349538.961958726, 619856.1352908178 3349539.096416981, 619857.5009785766 3349538.961869851, 619858.8140466465 3349538.563614124, 619860.024302238 3349537.916727698, 619861.0850997963 3349537.046192027, 619861.9555704865 3349535.985364818, 619862.6024584172 3349534.775224309, 619863.0008195228 3349533.462049319, 619863.1352830587 3349532.096435538)",2018-05-01 05:00:00+00:00,Intersection
20,218,0.0,412392.80988857936,412392.80988857936,30.2662_-97.7397,Trinity Street & East 5th Street,"MULTILINESTRING ((621202.4011443566 3348845.420848128, 621233.8103421071 3348947.792511618))",2019-06-02 05:00:00+00:00,Intersection
21,221,0.0,1803015.3586350973,1803015.3586350973,30.3078_-97.7516,West 35th Street & Jefferson Street,"LINESTRING (620043.3595669626 3353552.373727282, 620043.2250399475 3353551.008032569, 620042.8267124003 3353549.694967312, 620042.1799009317 3353548.484688702, 620041.3093848674 3353547.423911143, 620040.2485676303 3353546.553458539, 620039.0383411077 3353545.906589209, 620037.725267141 3353545.508199993, 620036.3595703359 3353545.37369578, 620034.993992668 3353545.508201023, 620033.6808124909 3353545.90652696, 620032.4705920126 3353546.553379514, 620031.4098621176 3353547.423998892, 620030.5392892309 3353548.484693615, 620029.8924020749 3353549.694932492, 620029.4940445824 3353551.00810349, 620029.3595822583 3353552.373721808, 620029.4941121937 3353553.739305471, 620029.8924399302 3353555.052481027, 620030.5393496783 3353556.262649119, 620031.4098660001 3353557.323425823, 620032.4705854325 3353558.19398736, 620033.6808109111 3353558.840856004, 620034.9939795349 3353559.239245845, 620036.3595784457 3353559.373748887, 620037.7252505737 3353559.239244926, 620039.0383344023 3353558.840807632, 620040.2485539778 3353558.193955826, 620041.309378557 3353557.323449187, 620042.1798569289 3353556.262643416, 620042.82674391 3353555.052516052, 620043.2251029059 3353553.739345485, 620043.3595669626 3353552.373727282)",2019-10-01 05:00:00+00:00,Intersection
22,223,574226.7164179104,673891.6414590747,99664.92504116427,30.3087_-97.7284,West 45th Street & Speedway,"LINESTRING (622267.3579816862 3353662.739153966, 622267.2234440091 3353661.373530187, 622266.8250966169 3353660.060371566, 622266.1782421317 3353658.85017124, 622265.3077489506 3353657.789428404, 622264.2470133624 3353656.918863231, 622263.0367256112 3353656.271962103, 622261.7236347153 3353655.873633686, 622260.3579633174 3353655.739182392, 622258.9923573597 3353655.873631566, 622257.679189872 3353656.272025808, 622256.4690286065 3353656.918859604, 622255.4082171294 3353657.789380329, 622254.5377146893 3353658.850129461, 622253.8908684083 3353660.060358569, 622253.4925304689 3353661.373571203, 622253.3579817471 3353662.739173451, 622253.4925211256 3353664.104797007, 622253.8908699263 3353665.417955101, 622254.5377253116 3353666.628154679, 622255.4082187476 3353667.688896657, 622256.4689539099 3353668.559460996, 622257.6792406145 3353669.206361437, 622258.9923300062 3353669.604689423, 622260.35799967 3353669.739140605, 622261.7236039275 3353669.604691656, 622263.0367700068 3353669.206297942, 622264.2469303734 3353668.559464894, 622265.3077415957 3353667.688945027, 622266.1782444629 3353666.62819673, 622266.8251879481 3353665.417969383, 622267.2235273905 3353664.10475718, 622267.3579816862 3353662.739153966)",2020-08-01 05:00:00+00:00,Intersection
23,224,480251.473880597,516276.91281138785,36025.43893079087,30.2654_-97.7090,Pleasant Valley Road & Webberville Road,"LINESTRING (624193.5088502311 3348903.177321983, 624193.3743641241 3348901.811676274, 624192.9760382995 3348900.498564891, 624192.3291757581 3348899.288372588, 624191.4586488582 3348898.227602554, 624190.3978612548 3348897.35709117, 624189.1876136077 3348896.710221647, 624187.874480737 3348896.311797192, 624186.508895113 3348896.177354173, 624185.1432379133 3348896.311810354, 624183.8300985461 3348896.710221004, 624182.619877137 3348897.357086621, 624181.5591352194 3348898.227553458, 624180.6885641653 3348899.288388027, 624180.0417282563 3348900.498517029, 624179.6433990306 3348901.811668627, 624179.5088705715 3348903.177362248, 624179.6433583753 3348904.543007732, 624180.0416856039 3348905.856118589, 624180.688549044 3348907.066310144, 624181.5591723991 3348908.127080412, 624182.6198633723 3348908.997589873, 624183.8301099747 3348909.644458713, 624185.1432413431 3348910.042882737, 624186.5088252357 3348910.177325645, 624187.8744807385 3348910.042869689, 624189.1876187017 3348909.644459565, 624190.3978392147 3348908.997594698, 624191.4585808767 3348908.127128716, 624192.3291523588 3348907.06629498, 624192.9759893124 3348905.856166663, 624193.3744162428 3348904.543016586, 624193.5088502311 3348903.177321983)",2020-08-01 05:00:00+00:00,Intersection
24,224,480251.473880597,516276.91281138785,36025.43893079087,30.2654_-97.7090,Webberville Road & Pleasant Valley Road,"LINESTRING (624193.5088502311 3348903.177321983, 624193.3743641241 3348901.811676274, 624192.9760382995 3348900.498564891, 624192.3291757581 3348899.288372588, 624191.4586488582 3348898.227602554, 624190.3978612548 3348897.35709117, 624189.1876136077 3348896.710221647, 624187.874480737 3348896.311797192, 624186.508895113 3348896.177354173, 624185.1432379133 3348896.311810354, 624183.8300985461 3348896.710221004, 624182.619877137 3348897.357086621, 624181.5591352194 3348898.227553458, 624180.6885641653 3348899.288388027, 624180.0417282563 3348900.498517029, 624179.6433990306 3348901.811668627, 624179.5088705715 3348903.177362248, 624179.6433583753 3348904.543007732, 624180.0416856039 3348905.856118589, 624180.688549044 3348907.066310144, 624181.5591723991 3348908.127080412, 624182.6198633723 3348908.997589873, 624183.8301099747 3348909.644458713, 624185.1432413431 3348910.042882737, 624186.5088252357 3348910.177325645, 624187.8744807385 3348910.042869689, 624189.1876187017 3348909.644459565, 624190.3978392147 3348908.997594698, 624191.4585808767 3348908.127128716, 624192.3291523588 3348907.06629498, 624192.9759893124 3348905.856166663, 624193.3744162428 3348904.543016586, 624193.5088502311 3348903.177321983)",2020-08-01 05:00:00+00:00,Intersection
25,225,658254.3470149253,623692.7758007117,-34561.57121421362,30.2736_-97.6904,Oak Springs Drive & Springdale Road,"LINESTRING (625965.7878517583 3349823.134485431, 625965.6534101181 3349821.768917024, 625965.2550453425 3349820.45572785, 625964.60814449 3349819.245528288, 625963.7375702572 3349818.18482594, 625962.676815663 3349817.31424242, 625961.4666701176 3349816.667389547, 625960.1535083306 3349816.269076153, 625958.7878563404 3349816.134515659, 625957.4222777589 3349816.269080025, 625956.1090753071 3349816.667386518, 625954.8988363787 3349817.314278548, 625953.8381243608 3349818.184799051, 625952.9675394015 3349819.245498263, 625952.3207411381 3349820.455752563, 625951.9224158447 3349821.768849473, 625951.7878622926 3349823.13453226, 625951.9224005465 3349824.500212377, 625952.3206718081 3349825.813289087, 625952.967573557 3349827.0234879, 625953.8381467683 3349828.084300218, 625954.8989022081 3349828.95477208, 625956.1090454328 3349829.601735097, 625957.422205715 3349830.00004806, 625958.7878572502 3349830.134497617, 625960.1535290522 3349830.000045413, 625961.4666339052 3349829.601738338, 625962.6768719358 3349828.954847059, 625963.7375837008 3349828.08432741, 625964.6081703675 3349827.023518204, 625965.2550658707 3349825.813265698, 625965.6533926675 3349824.500169217, 625965.7878517583 3349823.134485431)",2020-08-01 05:00:00+00:00,Intersection
